{
    "keep": {
        "days": true,
        "amount": 14
    },
    "auditLog": "D:\\AI Consulting\\2025\\Comit_Developers\\files\\CIA-System\\CIA-System\\backend\\logs\\.41de874e514599b9c8bfc4501590d7a7855134ae-audit.json",
    "files": [
        {
            "date": 1765875741629,
            "name": "D:\\AI Consulting\\2025\\Comit_Developers\\files\\CIA-System\\CIA-System\\backend\\logs\\app-2025-12-16.log",
            "hash": "45f211a1f6cf817bff7d832b642e33749f9e16cc694b8c9eb0d206b3bcc1934e"
        },
        {
            "date": 1765951200782,
            "name": "D:\\AI Consulting\\2025\\Comit_Developers\\files\\CIA-System\\CIA-System\\backend\\logs\\app-2025-12-17.log",
            "hash": "6511ec1b00ba14d54ac6575039aff24722ba3f032373cf8fdd4e60c340823a2e"
        },
        {
            "date": 1766257719149,
            "name": "D:\\AI Consulting\\2025\\Comit_Developers\\files\\CIA-System\\CIA-System\\backend\\logs\\app-2025-12-20.log",
            "hash": "65112f3fb778a642c729ce4e0c886524a8756b9df5d1d8dfd36027a13dbd8852"
        },
        {
            "date": 1766346604813,
            "name": "D:\\AI Consulting\\2025\\Comit_Developers\\files\\CIA-System\\CIA-System\\backend\\logs\\app-2025-12-21.log",
            "hash": "2fbcb4cc042d6c345c526e0d4425f2b2cdd6e26e4a0e3ac64b9d7398a501a2c5"
        }
    ],
    "hashType": "sha256"
}