{
    "keep": {
        "days": true,
        "amount": 30
    },
    "auditLog": "D:\\AI Consulting\\2025\\Comit_Developers\\files\\CIA-System\\CIA-System\\backend\\logs\\.b9598345357f07ae197075ac2bc93384ea224344-audit.json",
    "files": [
        {
            "date": 1765875741639,
            "name": "D:\\AI Consulting\\2025\\Comit_Developers\\files\\CIA-System\\CIA-System\\backend\\logs\\error-2025-12-16.log",
            "hash": "8947405c72452b82552645fafc9ae7049eccbec42d6cd33dd4ca82cebe2d04fd"
        },
        {
            "date": 1765951533228,
            "name": "D:\\AI Consulting\\2025\\Comit_Developers\\files\\CIA-System\\CIA-System\\backend\\logs\\error-2025-12-17.log",
            "hash": "6832a1ec8caef780ab0ab216dcd2dc454d7156ecf61a643bc1d6e5f55825852b"
        },
        {
            "date": 1766257719182,
            "name": "D:\\AI Consulting\\2025\\Comit_Developers\\files\\CIA-System\\CIA-System\\backend\\logs\\error-2025-12-20.log",
            "hash": "cedc4e22b5399973618bea4ae3b2b34919d7ef7ef6180f513ffda8a0ca3f937f"
        },
        {
            "date": 1766346604827,
            "name": "D:\\AI Consulting\\2025\\Comit_Developers\\files\\CIA-System\\CIA-System\\backend\\logs\\error-2025-12-21.log",
            "hash": "ad95a56df83bfb8c15bf747af2f8313f1a5cb752f67ca875222d1503bfdbc6ab"
        }
    ],
    "hashType": "sha256"
}