{
    "keep": {
        "days": true,
        "amount": 30
    },
    "auditLog": "D:\\AI Consulting\\2025\\Comit_Developers\\files\\CIA-System\\CIA-System\\backend\\logs\\.c9987baeb62434fda409e3e0a1e87d6253c565c2-audit.json",
    "files": [
        {
            "date": 1765875741659,
            "name": "D:\\AI Consulting\\2025\\Comit_Developers\\files\\CIA-System\\CIA-System\\backend\\logs\\rejections-2025-12-16.log",
            "hash": "51d2e3652b6b3af7a13a410f086028707cfc0797ce0085fa734af1488324e871"
        },
        {
            "date": 1765951533376,
            "name": "D:\\AI Consulting\\2025\\Comit_Developers\\files\\CIA-System\\CIA-System\\backend\\logs\\rejections-2025-12-17.log",
            "hash": "5ed3d6680c7c7084194dc8dddf03264e2339f33a2cfd357c9862efab09fdf897"
        },
        {
            "date": 1766257719202,
            "name": "D:\\AI Consulting\\2025\\Comit_Developers\\files\\CIA-System\\CIA-System\\backend\\logs\\rejections-2025-12-20.log",
            "hash": "97516b3f181486952eab9b2deedd13c2962d088e858bd8a22d598ab39c7c6325"
        },
        {
            "date": 1766346604891,
            "name": "D:\\AI Consulting\\2025\\Comit_Developers\\files\\CIA-System\\CIA-System\\backend\\logs\\rejections-2025-12-21.log",
            "hash": "0a1cfbd10d187b870e9a2545185d5eed5c3a60b8718a4afacf1bac02c06c70e7"
        }
    ],
    "hashType": "sha256"
}