{
    "keep": {
        "days": true,
        "amount": 30
    },
    "auditLog": "D:\\AI Consulting\\2025\\Comit_Developers\\files\\CIA-System\\CIA-System\\backend\\logs\\.d77cb523b63666287f41a8a9db9850febf71487d-audit.json",
    "files": [
        {
            "date": 1765875741649,
            "name": "D:\\AI Consulting\\2025\\Comit_Developers\\files\\CIA-System\\CIA-System\\backend\\logs\\exceptions-2025-12-16.log",
            "hash": "b3ae15038935464bbd4d20756ffd457006989293639743cac6c8d355b0f235e9"
        },
        {
            "date": 1765951533357,
            "name": "D:\\AI Consulting\\2025\\Comit_Developers\\files\\CIA-System\\CIA-System\\backend\\logs\\exceptions-2025-12-17.log",
            "hash": "31159ed24afac174e93552041b5f49d4dfca6c04956e81a7998a8d8bb6663c63"
        },
        {
            "date": 1766257719192,
            "name": "D:\\AI Consulting\\2025\\Comit_Developers\\files\\CIA-System\\CIA-System\\backend\\logs\\exceptions-2025-12-20.log",
            "hash": "4252890f1bc5c4ca995deccfe7a28feb907aa90bf1a4338ff01ea068f39b1948"
        },
        {
            "date": 1766346604880,
            "name": "D:\\AI Consulting\\2025\\Comit_Developers\\files\\CIA-System\\CIA-System\\backend\\logs\\exceptions-2025-12-21.log",
            "hash": "308a16d2bee28ec463bb64a35650016ed5c339ba15f886eafa03ade4778bc8ae"
        }
    ],
    "hashType": "sha256"
}