﻿{
  "@anthropic-ai/sdk": {
    "current": "0.27.3",
    "wanted": "0.27.3",
    "latest": "0.71.2",
    "dependent": "backend",
    "location": "D:\\AI Consulting\\2025\\Comit_Developers\\files\\CIA-System\\CIA-System\\backend\\node_modules\\@anthropic-ai\\sdk"
  },
  "@slack/bolt": {
    "current": "3.22.0",
    "wanted": "3.22.0",
    "latest": "4.6.0",
    "dependent": "backend",
    "location": "D:\\AI Consulting\\2025\\Comit_Developers\\files\\CIA-System\\CIA-System\\backend\\node_modules\\@slack\\bolt"
  },
  "@slack/web-api": {
    "current": "6.13.0",
    "wanted": "6.13.0",
    "latest": "7.13.0",
    "dependent": "backend",
    "location": "D:\\AI Consulting\\2025\\Comit_Developers\\files\\CIA-System\\CIA-System\\backend\\node_modules\\@slack\\web-api"
  },
  "@types/express": {
    "current": "4.17.25",
    "wanted": "4.17.25",
    "latest": "5.0.6",
    "dependent": "backend",
    "location": "D:\\AI Consulting\\2025\\Comit_Developers\\files\\CIA-System\\CIA-System\\backend\\node_modules\\@types\\express"
  },
  "@types/node": {
    "current": "20.19.27",
    "wanted": "20.19.27",
    "latest": "25.0.3",
    "dependent": "backend",
    "location": "D:\\AI Consulting\\2025\\Comit_Developers\\files\\CIA-System\\CIA-System\\backend\\node_modules\\@types\\node"
  },
  "bcrypt": {
    "current": "5.1.1",
    "wanted": "5.1.1",
    "latest": "6.0.0",
    "dependent": "backend",
    "location": "D:\\AI Consulting\\2025\\Comit_Developers\\files\\CIA-System\\CIA-System\\backend\\node_modules\\bcrypt"
  },
  "body-parser": {
    "current": "1.20.4",
    "wanted": "1.20.4",
    "latest": "2.2.1",
    "dependent": "backend",
    "location": "D:\\AI Consulting\\2025\\Comit_Developers\\files\\CIA-System\\CIA-System\\backend\\node_modules\\body-parser"
  },
  "dotenv": {
    "current": "16.6.1",
    "wanted": "16.6.1",
    "latest": "17.2.3",
    "dependent": "backend",
    "location": "D:\\AI Consulting\\2025\\Comit_Developers\\files\\CIA-System\\CIA-System\\backend\\node_modules\\dotenv"
  },
  "eslint": {
    "current": "8.57.1",
    "wanted": "8.57.1",
    "latest": "9.39.2",
    "dependent": "backend",
    "location": "D:\\AI Consulting\\2025\\Comit_Developers\\files\\CIA-System\\CIA-System\\backend\\node_modules\\eslint"
  },
  "express": {
    "current": "4.22.1",
    "wanted": "4.22.1",
    "latest": "5.2.1",
    "dependent": "backend",
    "location": "D:\\AI Consulting\\2025\\Comit_Developers\\files\\CIA-System\\CIA-System\\backend\\node_modules\\express"
  },
  "express-rate-limit": {
    "current": "7.5.1",
    "wanted": "7.5.1",
    "latest": "8.2.1",
    "dependent": "backend",
    "location": "D:\\AI Consulting\\2025\\Comit_Developers\\files\\CIA-System\\CIA-System\\backend\\node_modules\\express-rate-limit"
  },
  "googleapis": {
    "current": "128.0.0",
    "wanted": "128.0.0",
    "latest": "169.0.0",
    "dependent": "backend",
    "location": "D:\\AI Consulting\\2025\\Comit_Developers\\files\\CIA-System\\CIA-System\\backend\\node_modules\\googleapis"
  },
  "helmet": {
    "current": "7.2.0",
    "wanted": "7.2.0",
    "latest": "8.1.0",
    "dependent": "backend",
    "location": "D:\\AI Consulting\\2025\\Comit_Developers\\files\\CIA-System\\CIA-System\\backend\\node_modules\\helmet"
  },
  "jest": {
    "current": "29.7.0",
    "wanted": "29.7.0",
    "latest": "30.2.0",
    "dependent": "backend",
    "location": "D:\\AI Consulting\\2025\\Comit_Developers\\files\\CIA-System\\CIA-System\\backend\\node_modules\\jest"
  },
  "node-cron": {
    "current": "3.0.3",
    "wanted": "3.0.3",
    "latest": "4.2.1",
    "dependent": "backend",
    "location": "D:\\AI Consulting\\2025\\Comit_Developers\\files\\CIA-System\\CIA-System\\backend\\node_modules\\node-cron"
  },
  "supertest": {
    "current": "6.3.4",
    "wanted": "6.3.4",
    "latest": "7.1.4",
    "dependent": "backend",
    "location": "D:\\AI Consulting\\2025\\Comit_Developers\\files\\CIA-System\\CIA-System\\backend\\node_modules\\supertest"
  },
  "uuid": {
    "current": "9.0.1",
    "wanted": "9.0.1",
    "latest": "13.0.0",
    "dependent": "backend",
    "location": "D:\\AI Consulting\\2025\\Comit_Developers\\files\\CIA-System\\CIA-System\\backend\\node_modules\\uuid"
  },
  "winston-daily-rotate-file": {
    "current": "4.7.1",
    "wanted": "4.7.1",
    "latest": "5.0.0",
    "dependent": "backend",
    "location": "D:\\AI Consulting\\2025\\Comit_Developers\\files\\CIA-System\\CIA-System\\backend\\node_modules\\winston-daily-rotate-file"
  }
}
